{
  "requests": 200.0,
  "concurrency": 16.0,
  "elapsed_s": 6.316428749999999,
  "throughput_rps": 31.663461730649622,
  "throughput_tokens_s": 886.5769284581894,
  "latency_p50": 0.49372087500000106,
  "latency_p95": 0.5026232090000002,
  "latency_p99": 0.5087892920000003,
  "ttft_p50": 0.30111925000000017,
  "ttft_p95": 0.31743529199999987,
  "ttft_p99": 0.32120887499999995,
  "avg_completion_tokens": 28.0
}
