{
  "requests": 200.0,
  "concurrency": 16.0,
  "elapsed_s": 4.955303333,
  "throughput_rps": 40.36079863529113,
  "throughput_tokens_s": 1021.1282054728657,
  "latency_p50": 0.38528466599999867,
  "latency_p95": 0.4062768339999998,
  "latency_p99": 0.41107662499999975,
  "ttft_p50": 0.18188295800000098,
  "ttft_p95": 0.21638504200000064,
  "ttft_p99": 0.22144337499999978,
  "avg_completion_tokens": 25.3
}
