{
  "requests": 200.0,
  "concurrency": 16.0,
  "elapsed_s": 4.348539250000002,
  "throughput_rps": 45.99245597242796,
  "throughput_tokens_s": 1149.811399310699,
  "latency_p50": 0.333781333000001,
  "latency_p95": 0.34567987500000186,
  "latency_p99": 0.370152583000003,
  "ttft_p50": 0.1349557499999996,
  "ttft_p95": 0.15364337500000147,
  "ttft_p99": 0.18002491700000078,
  "avg_completion_tokens": 25.0
}
