{
  "requests": 400.0,
  "concurrency": 64.0,
  "elapsed_s": 7.961150249999999,
  "throughput_rps": 50.24399583464714,
  "throughput_tokens_s": 1264.6413751580685,
  "latency_p50": 1.248739333,
  "latency_p95": 1.3256724580000006,
  "latency_p99": 1.3326226670000003,
  "ttft_p50": 0.42116004200000035,
  "ttft_p95": 0.5091262919999999,
  "ttft_p99": 0.5299435829999997,
  "avg_completion_tokens": 25.17
}
