{
  "requests": 400.0,
  "concurrency": 64.0,
  "elapsed_s": 8.348032834000001,
  "throughput_rps": 47.91547996443828,
  "throughput_tokens_s": 1208.4284047031335,
  "latency_p50": 1.2878896249999983,
  "latency_p95": 1.4887900420000015,
  "latency_p99": 1.4966215419999997,
  "ttft_p50": 0.42211495900000173,
  "ttft_p95": 0.6363972499999981,
  "ttft_p99": 0.6413539159999999,
  "itl_p50": 0.036708081521739,
  "itl_p95": 0.04801844747826091,
  "itl_p99": 0.053710755434782605,
  "avg_completion_tokens": 25.22
}
