{
  "requests": 200.0,
  "concurrency": 16.0,
  "elapsed_s": 6.686803875,
  "throughput_rps": 29.909655455537045,
  "throughput_tokens_s": 837.4703527550373,
  "latency_p50": 0.5203271250000006,
  "latency_p95": 0.559011332999999,
  "latency_p99": 0.565356165999999,
  "ttft_p50": 0.3070067079999994,
  "ttft_p95": 0.3416523750000007,
  "ttft_p99": 0.349301917,
  "itl_p50": 0.008037404333333347,
  "itl_p95": 0.014113515407407462,
  "itl_p99": 0.014846015444444437,
  "avg_completion_tokens": 28.0
}
