{
  "requests": 200.0,
  "concurrency": 16.0,
  "elapsed_s": 5.116405625000002,
  "throughput_rps": 39.08994217009523,
  "throughput_tokens_s": 981.1575484693901,
  "latency_p50": 0.3875643749999984,
  "latency_p95": 0.44650658300000146,
  "latency_p99": 0.4510082920000009,
  "ttft_p50": 0.16795541699999994,
  "ttft_p95": 0.2386037089999995,
  "ttft_p99": 0.2462799579999988,
  "itl_p50": 0.009108989130434824,
  "itl_p95": 0.011732195652173871,
  "itl_p99": 0.012361226434782633,
  "avg_completion_tokens": 25.1
}
