{
  "requests": 200.0,
  "concurrency": 16.0,
  "elapsed_s": 4.566621375,
  "throughput_rps": 43.79605480211286,
  "throughput_tokens_s": 1092.2736067646947,
  "latency_p50": 0.354418625000001,
  "latency_p95": 0.36872833299999996,
  "latency_p99": 0.38053062500000223,
  "ttft_p50": 0.1431022079999984,
  "ttft_p95": 0.1591153339999991,
  "ttft_p99": 0.1615569590000021,
  "itl_p50": 0.008881396739130402,
  "itl_p95": 0.010118367739130494,
  "itl_p99": 0.010504387695652153,
  "avg_completion_tokens": 24.94
}
