{
  "requests": 200.0,
  "concurrency": 16.0,
  "elapsed_s": 4.595359083,
  "throughput_rps": 43.52217016943831,
  "throughput_tokens_s": 1044.5320840665195,
  "latency_p50": 0.3502063340000001,
  "latency_p95": 0.401232292,
  "latency_p99": 0.4064541250000002,
  "ttft_p50": 0.13872920900000008,
  "ttft_p95": 0.17854920899999982,
  "ttft_p99": 0.18619741700000025,
  "itl_p50": 0.009252402173913042,
  "itl_p95": 0.010814704695652174,
  "itl_p99": 0.011803706521739132,
  "avg_completion_tokens": 24.0
}
